"Date","Price","Open","High","Low","Vol.","Change %"
"01/20/2025","3,282.68","3,216.67","3,449.78","3,150.35","1.26M","2.05%"
"01/19/2025","3,216.74","3,308.73","3,445.65","3,133.37","1.44M","-2.78%"
"01/18/2025","3,308.74","3,472.84","3,493.38","3,233.53","677.72K","-4.73%"
"01/17/2025","3,472.84","3,307.10","3,524.96","3,307.10","574.06K","5.01%"
"01/16/2025","3,307.00","3,450.79","3,459.88","3,267.48","536.74K","-4.17%"
"01/15/2025","3,450.79","3,224.16","3,469.81","3,187.66","527.11K","7.03%"
"01/14/2025","3,224.06","3,137.77","3,254.32","3,127.34","413.87K","2.75%"
"01/13/2025","3,137.73","3,267.52","3,337.90","2,943.61","952.50K","-3.97%"
"01/12/2025","3,267.30","3,282.89","3,299.65","3,225.06","187.61K","-0.50%"
"01/11/2025","3,283.57","3,267.08","3,319.41","3,219.02","170.84K","0.50%"
"01/10/2025","3,267.08","3,218.15","3,320.94","3,197.86","500.73K","1.52%"
"01/09/2025","3,218.15","3,327.14","3,356.69","3,160.67","543.60K","-3.28%"
"01/08/2025","3,327.14","3,380.50","3,414.89","3,218.35","638.46K","-1.58%"
"01/07/2025","3,380.56","3,687.71","3,700.71","3,358.95","589.56K","-8.33%"
"01/06/2025","3,687.75","3,635.11","3,742.07","3,611.01","364.63K","1.45%"
"01/05/2025","3,635.11","3,656.94","3,672.41","3,596.63","170.02K","-0.57%"
"01/04/2025","3,656.13","3,608.79","3,669.62","3,574.98","249.81K","1.31%"
"01/03/2025","3,608.79","3,455.21","3,626.10","3,424.79","367.78K","4.45%"
"01/02/2025","3,455.19","3,360.14","3,494.60","3,355.49","362.32K","2.83%"
"01/01/2025","3,360.14","3,337.80","3,373.11","3,315.98","209.22K","0.67%"
"12/31/2024","3,337.80","3,361.99","3,449.27","3,317.39","333.44K","-0.72%"
"12/30/2024","3,361.99","3,355.97","3,436.83","3,306.11","494.99K","0.18%"
"12/29/2024","3,355.97","3,404.53","3,412.32","3,327.45","176.43K","-1.43%"
"12/28/2024","3,404.59","3,334.23","3,427.65","3,322.42","196.38K","2.11%"
"12/27/2024","3,334.19","3,335.96","3,438.85","3,309.03","378.00K","-0.05%"
"12/26/2024","3,335.96","3,496.50","3,512.77","3,305.53","360.40K","-4.59%"
"12/25/2024","3,496.49","3,493.33","3,546.29","3,442.61","259.25K","0.09%"
"12/24/2024","3,493.31","3,422.01","3,539.54","3,359.77","352.36K","2.08%"
"12/23/2024","3,422.01","3,281.58","3,463.58","3,220.10","547.74K","4.28%"
"12/22/2024","3,281.58","3,338.72","3,401.96","3,223.39","400.57K","-1.71%"
"12/21/2024","3,338.66","3,474.05","3,555.05","3,294.00","521.99K","-3.90%"
"12/20/2024","3,474.01","3,418.83","3,496.35","3,103.72","1.45M","1.61%"
"12/19/2024","3,418.84","3,627.82","3,719.52","3,337.46","1.17M","-5.76%"
"12/18/2024","3,627.88","3,892.79","3,902.30","3,620.61","781.62K","-6.81%"
"12/17/2024","3,892.79","3,986.91","4,040.69","3,851.17","493.60K","-2.36%"
"12/16/2024","3,986.91","3,959.89","4,102.90","3,885.84","726.41K","0.68%"
"12/15/2024","3,959.81","3,871.13","3,973.48","3,832.12","272.40K","2.29%"
"12/14/2024","3,871.13","3,906.78","3,943.06","3,828.23","287.75K","-0.98%"
"12/13/2024","3,909.48","3,881.57","3,966.50","3,853.92","417.74K","0.72%"
"12/12/2024","3,881.63","3,831.70","3,985.32","3,797.58","634.18K","1.31%"
"12/11/2024","3,831.41","3,628.97","3,848.02","3,564.79","509.73K","5.58%"
"12/10/2024","3,628.94","3,718.98","3,778.81","3,521.57","1.02M","-2.42%"
"12/09/2024","3,718.98","4,002.91","4,005.08","3,550.21","1.02M","-7.09%"
"12/08/2024","4,002.91","3,996.25","4,015.24","3,924.77","273.27K","0.17%"
"12/07/2024","3,996.24","3,998.92","4,023.96","3,969.39","303.07K","-0.08%"
"12/06/2024","3,999.51","3,785.07","4,084.99","3,780.34","864.64K","5.66%"
"12/05/2024","3,785.10","3,836.23","3,950.67","3,696.83","1.05M","-1.33%"
"12/04/2024","3,836.25","3,615.07","3,885.69","3,615.07","1.06M","6.12%"
"12/03/2024","3,615.07","3,643.50","3,669.40","3,510.19","729.65K","-0.78%"
"12/02/2024","3,643.48","3,707.86","3,756.70","3,561.95","799.75K","-1.75%"
"12/01/2024","3,708.33","3,702.96","3,743.78","3,660.98","465.31K","0.14%"
"11/30/2024","3,702.97","3,592.13","3,733.47","3,572.64","563.91K","3.09%"
"11/29/2024","3,592.13","3,578.42","3,642.95","3,539.02","472.94K","0.38%"
"11/28/2024","3,578.41","3,653.26","3,661.40","3,530.79","613.22K","-2.06%"
"11/27/2024","3,653.79","3,326.30","3,684.68","3,303.79","827.39K","9.85%"
"11/26/2024","3,326.30","3,412.15","3,460.40","3,254.45","729.51K","-2.52%"
"11/25/2024","3,412.18","3,361.47","3,544.71","3,301.68","1.02M","1.51%"
"11/24/2024","3,361.41","3,393.92","3,448.58","3,285.45","525.45K","-0.96%"
"11/23/2024","3,393.91","3,327.68","3,495.09","3,316.84","785.63K","1.99%"
"11/22/2024","3,327.77","3,356.42","3,424.47","3,261.04","661.77K","-0.85%"
"11/21/2024","3,356.43","3,069.96","3,386.41","3,034.44","1.06M","9.34%"
"11/20/2024","3,069.72","3,106.07","3,158.15","3,030.91","550.53K","-1.17%"
"11/19/2024","3,105.97","3,207.54","3,219.80","3,066.26","549.16K","-3.16%"
"11/18/2024","3,207.46","3,075.42","3,220.65","3,052.29","698.67K","4.29%"
"11/17/2024","3,075.42","3,132.04","3,160.10","3,037.49","485.17K","-1.81%"
"11/16/2024","3,132.00","3,089.44","3,215.90","3,072.83","456.29K","1.38%"
"11/15/2024","3,089.45","3,058.15","3,128.59","3,015.75","557.27K","1.02%"
"11/14/2024","3,058.22","3,187.02","3,238.39","3,038.03","661.29K","-4.04%"
"11/13/2024","3,187.02","3,244.57","3,326.89","3,117.79","988.07K","-1.71%"
"11/12/2024","3,242.44","3,372.15","3,440.05","3,209.16","1.04M","-3.85%"
"11/11/2024","3,372.13","3,185.97","3,384.62","3,107.45","1.06M","5.84%"
"11/10/2024","3,186.05","3,126.25","3,247.49","3,076.40","925.65K","1.87%"
"11/09/2024","3,127.69","2,961.62","3,153.38","2,954.56","560.62K","5.62%"
"11/08/2024","2,961.34","2,894.20","2,981.51","2,887.19","598.52K","2.32%"
"11/07/2024","2,894.13","2,721.85","2,914.81","2,700.01","784.35K","6.33%"
"11/06/2024","2,721.85","2,422.50","2,740.34","2,422.03","1.07M","12.36%"
"11/05/2024","2,422.50","2,398.95","2,478.74","2,380.80","365.02K","0.98%"
"11/04/2024","2,398.95","2,457.68","2,490.21","2,362.91","335.81K","-2.39%"
"11/03/2024","2,457.68","2,492.54","2,496.33","2,411.72","305.38K","-1.39%"
"11/02/2024","2,492.45","2,511.96","2,523.41","2,472.02","158.36K","-0.78%"
"11/01/2024","2,511.96","2,519.14","2,584.17","2,471.45","463.34K","-0.28%"
"10/31/2024","2,519.14","2,658.62","2,668.39","2,506.64","432.07K","-5.25%"
"10/30/2024","2,658.62","2,638.64","2,719.90","2,600.61","494.31K","0.76%"
"10/29/2024","2,638.64","2,567.41","2,679.50","2,561.32","486.72K","2.77%"
"10/28/2024","2,567.41","2,507.82","2,587.71","2,473.03","393.16K","2.39%"
"10/27/2024","2,507.39","2,482.52","2,525.37","2,465.72","148.63K","1.00%"
"10/26/2024","2,482.52","2,441.20","2,506.39","2,430.77","265.53K","1.69%"
"10/25/2024","2,441.18","2,535.87","2,564.13","2,386.98","550.79K","-3.73%"
"10/24/2024","2,535.87","2,524.64","2,561.75","2,508.98","312.65K","0.39%"
"10/23/2024","2,526.10","2,622.91","2,625.51","2,463.67","385.15K","-3.65%"
"10/22/2024","2,621.79","2,666.66","2,671.28","2,607.54","293.69K","-1.68%"
"10/21/2024","2,666.66","2,747.28","2,766.10","2,656.65","336.97K","-2.93%"
"10/20/2024","2,747.28","2,647.42","2,757.52","2,635.82","280.67K","3.77%"
"10/19/2024","2,647.39","2,641.72","2,662.63","2,631.27","113.68K","0.21%"
"10/18/2024","2,641.72","2,605.53","2,675.17","2,596.72","315.00K","1.39%"
"10/17/2024","2,605.53","2,611.09","2,646.96","2,578.23","242.98K","-0.21%"
"10/16/2024","2,611.09","2,607.79","2,645.42","2,589.72","280.52K","0.12%"
"10/15/2024","2,607.84","2,630.54","2,682.02","2,540.15","442.58K","-0.86%"
"10/14/2024","2,630.54","2,468.94","2,651.52","2,444.63","474.24K","6.55%"
"10/13/2024","2,468.92","2,476.46","2,484.13","2,437.44","130.46K","-0.31%"
"10/12/2024","2,476.48","2,436.77","2,489.53","2,434.39","150.00K","1.63%"
"10/11/2024","2,436.73","2,385.40","2,470.65","2,382.22","254.87K","2.15%"
"10/10/2024","2,385.40","2,370.10","2,417.90","2,353.08","288.05K","0.64%"
"10/09/2024","2,370.13","2,440.91","2,472.03","2,355.24","268.06K","-2.90%"
"10/08/2024","2,440.93","2,422.73","2,461.96","2,403.20","221.59K","0.75%"
"10/07/2024","2,422.75","2,440.33","2,520.05","2,407.05","324.83K","-0.72%"
"10/06/2024","2,440.33","2,414.98","2,455.95","2,407.13","120.24K","1.05%"
"10/05/2024","2,414.98","2,414.44","2,427.34","2,390.08","114.50K","0.02%"
"10/04/2024","2,414.43","2,349.67","2,440.74","2,339.97","263.74K","2.76%"
"10/03/2024","2,349.67","2,365.53","2,402.68","2,311.68","344.36K","-0.67%"
"10/02/2024","2,365.57","2,449.65","2,498.70","2,355.21","343.59K","-3.43%"
"10/01/2024","2,449.67","2,602.30","2,656.71","2,422.11","535.54K","-5.91%"
"09/30/2024","2,603.48","2,657.67","2,661.71","2,579.32","308.41K","-2.04%"
"09/29/2024","2,657.67","2,675.71","2,683.73","2,634.69","171.03K","-0.67%"
"09/28/2024","2,675.71","2,694.53","2,703.83","2,651.38","145.42K","-0.70%"
"09/27/2024","2,694.53","2,632.05","2,726.69","2,616.01","304.78K","2.37%"
"09/26/2024","2,632.05","2,580.29","2,664.95","2,560.48","311.52K","2.00%"
"09/25/2024","2,580.34","2,652.47","2,672.17","2,557.82","244.76K","-2.72%"
"09/24/2024","2,652.50","2,647.65","2,669.32","2,593.31","330.16K","0.18%"
"09/23/2024","2,647.65","2,581.06","2,701.60","2,544.68","369.37K","2.53%"
"09/22/2024","2,582.35","2,613.25","2,631.37","2,527.75","233.74K","-1.19%"
"09/21/2024","2,613.35","2,561.29","2,619.81","2,530.28","184.26K","2.01%"
"09/20/2024","2,561.79","2,464.52","2,570.58","2,438.98","411.52K","3.95%"
"09/19/2024","2,464.49","2,374.95","2,491.54","2,373.22","383.18K","3.89%"
"09/18/2024","2,372.18","2,341.83","2,372.54","2,278.97","346.21K","1.30%"
"09/17/2024","2,341.82","2,295.72","2,392.33","2,264.52","324.97K","2.01%"
"09/16/2024","2,295.72","2,317.04","2,334.45","2,254.52","385.30K","-0.92%"
"09/15/2024","2,317.04","2,417.56","2,428.91","2,294.55","211.27K","-4.16%"
"09/14/2024","2,417.56","2,439.29","2,440.40","2,384.99","154.06K","-0.92%"
"09/13/2024","2,440.12","2,361.79","2,459.47","2,337.76","302.56K","3.32%"
"09/12/2024","2,361.79","2,340.33","2,387.25","2,316.39","249.29K","0.92%"
"09/11/2024","2,340.19","2,387.98","2,388.40","2,279.00","333.29K","-1.99%"
"09/10/2024","2,387.71","2,359.55","2,397.10","2,323.91","263.70K","1.19%"
"09/09/2024","2,359.60","2,296.24","2,377.64","2,274.51","375.74K","2.76%"
"09/08/2024","2,296.19","2,273.70","2,331.99","2,243.34","233.21K","0.94%"
"09/07/2024","2,274.87","2,225.69","2,310.57","2,222.93","259.55K","2.21%"
"09/06/2024","2,225.72","2,368.86","2,407.07","2,151.80","723.22K","-6.06%"
"09/05/2024","2,369.18","2,450.74","2,465.66","2,351.72","316.78K","-3.31%"
"09/04/2024","2,450.18","2,423.41","2,488.86","2,317.85","422.18K","1.11%"
"09/03/2024","2,423.40","2,538.35","2,551.94","2,419.89","250.97K","-4.53%"
"09/02/2024","2,538.35","2,427.35","2,560.67","2,425.66","299.34K","4.57%"
"09/01/2024","2,427.49","2,513.06","2,515.77","2,403.61","250.52K","-3.42%"
"08/31/2024","2,513.56","2,525.47","2,532.93","2,493.84","115.17K","-0.47%"
"08/30/2024","2,525.45","2,528.49","2,540.79","2,436.95","378.49K","-0.13%"
"08/29/2024","2,528.72","2,527.78","2,594.63","2,509.17","270.41K","0.04%"
"08/28/2024","2,527.73","2,457.92","2,553.02","2,421.79","515.14K","2.84%"
"08/27/2024","2,457.99","2,680.18","2,699.73","2,396.02","477.20K","-8.29%"
"08/26/2024","2,680.30","2,746.10","2,761.69","2,668.63","250.08K","-2.46%"
"08/25/2024","2,747.99","2,768.90","2,792.11","2,734.78","175.38K","-0.74%"
"08/24/2024","2,768.49","2,763.04","2,818.05","2,735.78","296.76K","0.20%"
"08/23/2024","2,762.86","2,623.06","2,794.82","2,622.15","456.21K","5.33%"
"08/22/2024","2,623.06","2,630.67","2,644.06","2,587.15","237.74K","-0.29%"
"08/21/2024","2,630.67","2,572.74","2,659.21","2,541.32","303.58K","2.25%"
"08/20/2024","2,572.90","2,637.10","2,692.61","2,557.87","342.51K","-2.43%"
"08/19/2024","2,637.10","2,612.10","2,647.65","2,565.17","252.46K","0.96%"
"08/18/2024","2,612.10","2,614.35","2,682.09","2,596.76","197.89K","-0.09%"
"08/17/2024","2,614.35","2,592.38","2,626.62","2,588.44","104.83K","0.85%"
"08/16/2024","2,592.38","2,569.90","2,627.47","2,552.92","305.13K","0.89%"
"08/15/2024","2,569.44","2,662.95","2,675.13","2,525.00","387.82K","-3.51%"
"08/14/2024","2,662.95","2,702.44","2,761.71","2,636.00","365.55K","-1.48%"
"08/13/2024","2,702.95","2,722.66","2,737.55","2,612.80","351.28K","-0.72%"
"08/12/2024","2,722.64","2,553.57","2,747.46","2,518.31","516.79K","6.62%"
"08/11/2024","2,553.57","2,609.91","2,713.68","2,545.99","319.79K","-2.17%"
"08/10/2024","2,610.24","2,598.79","2,640.46","2,579.59","186.39K","0.44%"
"08/09/2024","2,598.90","2,682.25","2,703.80","2,556.98","443.65K","-3.16%"
"08/08/2024","2,683.84","2,342.81","2,716.50","2,322.98","626.93K","14.80%"
"08/07/2024","2,337.83","2,461.84","2,550.36","2,311.79","671.86K","-5.04%"
"08/06/2024","2,461.92","2,415.98","2,548.23","2,415.98","691.59K","1.90%"
"08/05/2024","2,415.99","2,688.59","2,696.91","2,166.31","2.81M","-10.14%"
"08/04/2024","2,688.55","2,904.59","2,931.40","2,639.79","543.64K","-7.44%"
"08/03/2024","2,904.59","2,990.32","3,017.57","2,863.44","371.14K","-2.87%"
"08/02/2024","2,990.32","3,203.37","3,217.36","2,967.43","415.57K","-6.70%"
"08/01/2024","3,204.93","3,231.81","3,242.07","3,082.01","350.33K","-0.83%"
"07/31/2024","3,231.84","3,278.94","3,348.63","3,216.48","255.01K","-1.44%"
"07/30/2024","3,278.94","3,318.24","3,366.02","3,237.67","210.28K","-1.18%"
"07/29/2024","3,318.24","3,270.32","3,396.70","3,260.86","340.45K","1.47%"
"07/28/2024","3,270.32","3,248.83","3,282.54","3,201.64","113.09K","0.72%"
"07/27/2024","3,247.06","3,275.12","3,326.91","3,199.80","247.90K","-0.86%"
"07/26/2024","3,275.12","3,175.52","3,285.72","3,173.08","281.13K","3.14%"
"07/25/2024","3,175.52","3,335.33","3,342.15","3,089.07","524.98K","-4.79%"
"07/24/2024","3,335.33","3,482.54","3,487.04","3,311.80","292.51K","-4.23%"
"07/23/2024","3,482.54","3,440.01","3,537.89","3,396.70","521.07K","1.24%"
"07/22/2024","3,440.01","3,535.55","3,559.66","3,424.86","219.41K","-2.70%"
"07/21/2024","3,535.55","3,517.04","3,544.71","3,415.57","230.63K","0.53%"
"07/20/2024","3,517.04","3,504.42","3,538.32","3,480.08","157.77K","0.36%"
"07/19/2024","3,504.42","3,425.95","3,539.42","3,377.94","317.73K","2.29%"
"07/18/2024","3,425.94","3,387.83","3,489.43","3,374.48","256.50K","1.13%"
"07/17/2024","3,387.81","3,443.02","3,514.65","3,378.55","312.39K","-1.60%"
"07/16/2024","3,442.99","3,483.50","3,494.60","3,347.85","392.52K","-1.20%"
"07/15/2024","3,484.78","3,243.50","3,490.89","3,233.77","329.57K","7.44%"
"07/14/2024","3,243.50","3,175.10","3,265.80","3,165.38","171.44K","2.15%"
"07/13/2024","3,175.10","3,134.15","3,200.12","3,113.52","125.08K","1.33%"
"07/12/2024","3,133.33","3,099.82","3,157.43","3,048.61","195.63K","1.08%"
"07/11/2024","3,099.82","3,101.17","3,214.07","3,057.55","299.18K","-0.04%"
"07/10/2024","3,101.17","3,065.11","3,149.76","3,026.42","281.44K","1.18%"
"07/09/2024","3,065.11","3,019.64","3,108.63","3,004.62","292.94K","1.51%"
"07/08/2024","3,019.64","2,930.48","3,084.20","2,826.32","517.87K","3.04%"
"07/07/2024","2,930.48","3,068.79","3,072.32","2,923.63","194.87K","-4.51%"
"07/06/2024","3,068.79","2,981.40","3,080.16","2,955.65","225.18K","2.93%"
"07/05/2024","2,981.40","3,057.85","3,108.66","2,822.44","940.65K","-2.50%"
"07/04/2024","3,057.81","3,295.13","3,313.23","3,052.15","510.41K","-7.20%"
"07/03/2024","3,295.13","3,421.71","3,432.12","3,256.31","356.89K","-3.70%"
"07/02/2024","3,421.71","3,442.66","3,463.90","3,402.98","149.31K","-0.61%"
"07/01/2024","3,442.67","3,437.84","3,522.00","3,426.69","241.71K","0.14%"
"06/30/2024","3,437.84","3,378.60","3,459.12","3,356.74","150.94K","1.75%"
"06/29/2024","3,378.60","3,380.17","3,408.32","3,374.78","95.20K","-0.05%"
"06/28/2024","3,380.15","3,450.45","3,487.12","3,369.65","238.05K","-2.04%"
"06/27/2024","3,450.45","3,370.79","3,472.72","3,364.08","217.37K","2.37%"
"06/26/2024","3,370.72","3,395.03","3,424.75","3,328.42","250.14K","-0.72%"
"06/25/2024","3,395.03","3,352.26","3,424.88","3,337.14","275.47K","1.28%"
"06/24/2024","3,352.29","3,420.83","3,433.89","3,245.76","601.35K","-2.00%"
"06/23/2024","3,420.84","3,495.96","3,520.35","3,410.03","191.03K","-2.15%"
"06/22/2024","3,495.87","3,518.03","3,520.80","3,476.08","158.47K","-0.63%"
"06/21/2024","3,518.03","3,512.95","3,543.69","3,447.50","392.71K","0.15%"
"06/20/2024","3,512.91","3,561.24","3,624.46","3,486.58","371.29K","-1.36%"
"06/19/2024","3,561.30","3,484.57","3,585.80","3,466.82","346.10K","2.20%"
"06/18/2024","3,484.55","3,511.52","3,515.87","3,373.14","480.08K","-0.77%"
"06/17/2024","3,511.52","3,625.11","3,636.99","3,470.65","356.79K","-3.13%"
"06/16/2024","3,625.11","3,568.74","3,650.11","3,541.46","156.55K","1.58%"
"06/15/2024","3,568.72","3,481.75","3,592.84","3,474.26","256.22K","2.50%"
"06/14/2024","3,481.84","3,470.16","3,530.94","3,368.09","339.90K","0.34%"
"06/13/2024","3,470.15","3,559.95","3,561.15","3,433.13","316.98K","-2.52%"
"06/12/2024","3,559.95","3,497.99","3,652.79","3,464.17","418.36K","1.77%"
"06/11/2024","3,498.00","3,667.85","3,672.92","3,433.20","477.11K","-4.63%"
"06/10/2024","3,667.85","3,706.32","3,711.90","3,650.33","165.29K","-1.04%"
"06/09/2024","3,706.32","3,681.59","3,719.02","3,668.45","108.79K","0.67%"
"06/08/2024","3,681.59","3,678.36","3,709.44","3,670.34","147.95K","0.09%"
"06/07/2024","3,678.37","3,812.95","3,840.88","3,608.44","384.78K","-3.53%"
"06/06/2024","3,812.95","3,865.15","3,878.28","3,765.23","251.82K","-1.35%"
"06/05/2024","3,865.14","3,810.35","3,885.15","3,778.13","288.18K","1.44%"
"06/04/2024","3,810.35","3,767.10","3,831.41","3,743.11","247.96K","1.15%"
"06/03/2024","3,767.10","3,782.06","3,849.47","3,759.07","262.39K","-0.40%"
"06/02/2024","3,782.08","3,815.95","3,838.34","3,753.62","219.62K","-0.89%"
"06/01/2024","3,815.95","3,762.63","3,832.35","3,753.32","143.81K","1.42%"
"05/31/2024","3,762.66","3,747.89","3,844.96","3,724.57","294.56K","0.40%"
"05/30/2024","3,747.55","3,767.22","3,824.94","3,703.74","293.81K","-0.58%"
"05/29/2024","3,769.57","3,845.56","3,886.44","3,745.72","353.25K","-1.98%"
"05/28/2024","3,845.56","3,894.33","3,929.21","3,775.08","436.24K","-1.25%"
"05/27/2024","3,894.33","3,825.99","3,976.00","3,824.33","393.85K","1.79%"
"05/26/2024","3,826.02","3,749.28","3,881.62","3,733.77","313.07K","2.05%"
"05/25/2024","3,749.28","3,728.32","3,776.75","3,709.70","170.39K","0.57%"
"05/24/2024","3,728.21","3,785.61","3,829.13","3,635.18","514.00K","-1.52%"
"05/23/2024","3,785.65","3,739.07","3,941.42","3,645.49","1.19M","1.25%"
"05/22/2024","3,739.08","3,790.42","3,810.50","3,654.54","597.46K","-1.36%"
"05/21/2024","3,790.46","3,661.04","3,833.07","3,630.71","1.01M","3.53%"
"05/20/2024","3,661.07","3,072.07","3,679.47","3,048.33","899.51K","19.17%"
"05/19/2024","3,072.08","3,122.87","3,135.99","3,058.31","170.99K","-1.63%"
"05/18/2024","3,122.87","3,092.09","3,145.59","3,084.73","205.74K","0.97%"
"05/17/2024","3,092.75","2,944.99","3,116.65","2,933.39","369.55K","5.02%"
"05/16/2024","2,944.99","3,032.64","3,040.62","2,924.20","306.25K","-2.96%"
"05/15/2024","3,034.71","2,881.99","3,041.11","2,864.50","363.90K","5.30%"
"05/14/2024","2,881.99","2,951.01","2,958.94","2,866.00","279.49K","-2.34%"
"05/13/2024","2,951.01","2,929.36","2,993.23","2,865.08","381.30K","0.74%"
"05/12/2024","2,929.35","2,912.56","2,953.92","2,903.16","111.77K","0.58%"
"05/11/2024","2,912.56","2,909.86","2,943.58","2,889.62","144.62K","0.09%"
"05/10/2024","2,909.86","3,036.32","3,052.94","2,882.82","355.90K","-4.16%"
"05/09/2024","3,036.32","2,974.92","3,057.07","2,953.21","248.78K","2.06%"
"05/08/2024","2,974.94","3,006.32","3,036.79","2,941.71","283.76K","-1.04%"
"05/07/2024","3,006.36","3,062.03","3,128.32","3,004.04","315.01K","-1.82%"
"05/06/2024","3,062.03","3,136.40","3,220.04","3,048.65","377.37K","-2.37%"
"05/05/2024","3,136.40","3,117.14","3,170.63","3,074.55","229.16K","0.62%"
"05/04/2024","3,117.23","3,102.25","3,146.74","3,095.58","205.59K","0.48%"
"05/03/2024","3,102.25","2,987.11","3,125.81","2,958.98","381.95K","3.85%"
"05/02/2024","2,987.12","2,973.30","3,014.55","2,897.11","387.64K","0.47%"
"05/01/2024","2,973.27","3,014.38","3,023.06","2,819.19","672.37K","-1.36%"
"04/30/2024","3,014.41","3,216.85","3,250.44","2,927.77","591.88K","-6.28%"
"04/29/2024","3,216.29","3,261.72","3,286.75","3,119.56","438.13K","-1.39%"
"04/28/2024","3,261.69","3,255.57","3,347.45","3,250.66","318.13K","0.19%"
"04/27/2024","3,255.57","3,131.42","3,282.99","3,073.79","334.66K","3.98%"
"04/26/2024","3,130.90","3,155.83","3,165.94","3,104.77","263.09K","-0.79%"
"04/25/2024","3,155.83","3,141.03","3,189.11","3,078.65","369.13K","0.47%"
"04/24/2024","3,141.03","3,220.11","3,292.31","3,111.91","409.83K","-2.46%"
"04/23/2024","3,220.13","3,200.28","3,262.50","3,153.81","265.42K","0.61%"
"04/22/2024","3,200.62","3,147.84","3,233.84","3,130.24","306.74K","1.68%"
"04/21/2024","3,147.83","3,156.62","3,195.43","3,116.85","234.07K","-0.28%"
"04/20/2024","3,156.63","3,056.51","3,168.90","3,020.82","256.05K","3.29%"
"04/19/2024","3,056.23","3,064.49","3,122.51","2,871.82","645.65K","-0.27%"
"04/18/2024","3,064.48","2,985.82","3,089.53","2,955.31","423.99K","2.63%"
"04/17/2024","2,985.82","3,083.42","3,123.68","2,917.59","524.88K","-3.17%"
"04/16/2024","3,083.43","3,100.98","3,125.19","2,998.17","560.47K","-0.56%"
"04/15/2024","3,100.94","3,152.65","3,273.03","3,030.76","654.92K","-1.64%"
"04/14/2024","3,152.65","3,005.96","3,168.52","2,913.83","799.68K","4.93%"
"04/13/2024","3,004.44","3,237.16","3,296.69","2,863.89","1.06M","-7.27%"
"04/12/2024","3,239.86","3,502.55","3,551.22","3,150.92","739.63K","-7.50%"
"04/11/2024","3,502.55","3,545.16","3,615.24","3,479.15","349.38K","-1.20%"
"04/10/2024","3,545.16","3,506.95","3,560.13","3,419.12","404.41K","1.09%"
"04/09/2024","3,506.96","3,694.92","3,723.75","3,459.79","482.49K","-5.09%"
"04/08/2024","3,694.93","3,454.17","3,727.87","3,409.58","538.85K","6.97%"
"04/07/2024","3,454.17","3,351.99","3,459.43","3,344.89","217.80K","3.05%"
"04/06/2024","3,352.03","3,317.84","3,394.80","3,307.23","190.08K","1.03%"
"04/05/2024","3,317.84","3,327.45","3,344.17","3,212.89","359.70K","-0.29%"
"04/04/2024","3,327.45","3,310.82","3,435.57","3,254.31","371.23K","0.51%"
"04/03/2024","3,310.62","3,278.01","3,366.75","3,203.21","426.57K","1.00%"
"04/02/2024","3,277.99","3,502.84","3,505.39","3,216.48","647.13K","-6.42%"
"04/01/2024","3,502.82","3,647.08","3,647.08","3,421.96","422.72K","-3.96%"
"03/31/2024","3,647.09","3,506.82","3,652.97","3,505.17","252.38K","4.00%"
"03/30/2024","3,506.83","3,509.76","3,564.04","3,487.64","224.95K","-0.08%"
"03/29/2024","3,509.76","3,559.43","3,583.18","3,475.04","334.49K","-1.40%"
"03/28/2024","3,559.43","3,500.43","3,609.66","3,470.62","416.69K","1.69%"
"03/27/2024","3,500.43","3,587.48","3,661.91","3,462.44","460.87K","-2.43%"
"03/26/2024","3,587.50","3,590.62","3,677.24","3,544.55","520.43K","-0.09%"
"03/25/2024","3,590.62","3,455.35","3,651.30","3,421.09","584.66K","3.92%"
"03/24/2024","3,455.33","3,332.87","3,469.66","3,300.74","270.03K","3.67%"
"03/23/2024","3,332.90","3,334.19","3,430.04","3,275.78","334.86K","-0.04%"
"03/22/2024","3,334.12","3,492.89","3,541.65","3,254.56","589.84K","-4.55%"
"03/21/2024","3,493.23","3,514.73","3,583.02","3,413.60","638.79K","-0.61%"
"03/20/2024","3,514.73","3,165.07","3,531.37","3,063.60","1.26M","11.04%"
"03/19/2024","3,165.20","3,520.32","3,546.23","3,151.42","1.11M","-10.09%"
"03/18/2024","3,520.30","3,644.77","3,644.77","3,454.94","588.48K","-3.42%"
"03/17/2024","3,644.78","3,523.66","3,678.07","3,421.42","549.29K","3.44%"
"03/16/2024","3,523.68","3,741.16","3,778.60","3,476.82","567.02K","-5.81%"
"03/15/2024","3,741.12","3,881.70","3,931.33","3,591.51","981.71K","-3.68%"
"03/14/2024","3,883.94","4,004.30","4,009.92","3,729.51","672.52K","-3.01%"
"03/13/2024","4,004.29","3,979.30","4,078.48","3,935.60","503.46K","0.63%"
"03/12/2024","3,979.30","4,065.15","4,091.28","3,843.45","685.77K","-2.11%"
"03/11/2024","4,065.02","3,878.47","4,081.72","3,756.39","767.30K","4.81%"
"03/10/2024","3,878.47","3,905.17","3,961.94","3,793.64","372.52K","-0.68%"
"03/09/2024","3,905.17","3,883.20","3,941.34","3,872.96","265.43K","0.57%"
"03/08/2024","3,883.20","3,868.75","3,991.89","3,825.16","686.06K","0.35%"
"03/07/2024","3,869.69","3,814.56","3,932.77","3,736.33","568.32K","1.45%"
"03/06/2024","3,814.56","3,555.94","3,899.99","3,503.51","1.02M","7.27%"
"03/05/2024","3,556.03","3,626.39","3,819.79","3,237.28","1.48M","-1.94%"
"03/04/2024","3,626.34","3,488.67","3,638.10","3,445.47","769.53K","3.95%"
"03/03/2024","3,488.67","3,420.64","3,491.53","3,364.44","363.55K","1.99%"
"03/02/2024","3,420.64","3,433.51","3,459.96","3,395.03","296.91K","-0.37%"
"03/01/2024","3,433.51","3,339.25","3,449.56","3,339.24","431.98K","2.82%"
"02/29/2024","3,339.26","3,382.98","3,520.80","3,300.42","802.17K","-1.29%"
"02/28/2024","3,383.03","3,242.44","3,482.48","3,183.92","1.01M","4.35%"
"02/27/2024","3,242.14","3,175.94","3,285.01","3,165.91","674.56K","2.08%"
"02/26/2024","3,175.94","3,112.59","3,193.67","3,038.00","582.39K","2.04%"
"02/25/2024","3,112.59","2,992.29","3,117.59","2,984.29","450.78K","4.02%"
"02/24/2024","2,992.29","2,922.24","3,005.95","2,907.23","251.89K","2.40%"
"02/23/2024","2,922.24","2,972.47","2,992.80","2,906.43","441.33K","-1.69%"
"02/22/2024","2,972.46","2,971.18","3,031.76","2,907.22","595.92K","0.04%"
"02/21/2024","2,971.18","3,015.38","3,016.76","2,871.88","620.51K","-1.47%"
"02/20/2024","3,015.38","2,944.79","3,030.61","2,879.82","674.55K","2.40%"
"02/19/2024","2,944.80","2,880.16","2,983.48","2,859.82","478.68K","2.25%"
"02/18/2024","2,880.10","2,785.90","2,892.79","2,765.97","391.11K","3.38%"
"02/17/2024","2,785.90","2,801.80","2,804.17","2,721.21","251.97K","-0.57%"
"02/16/2024","2,801.80","2,822.59","2,856.76","2,759.52","401.19K","-0.74%"
"02/15/2024","2,822.59","2,775.12","2,864.41","2,760.98","520.70K","1.71%"
"02/14/2024","2,775.12","2,640.12","2,785.51","2,619.77","491.97K","5.11%"
"02/13/2024","2,640.10","2,657.91","2,686.14","2,597.15","530.99K","-0.67%"
"02/12/2024","2,657.87","2,506.69","2,663.57","2,473.54","477.42K","6.03%"
"02/11/2024","2,506.69","2,500.28","2,537.85","2,493.83","230.91K","0.26%"
"02/10/2024","2,500.28","2,486.24","2,515.95","2,472.92","194.43K","0.56%"
"02/09/2024","2,486.24","2,419.56","2,522.96","2,419.16","540.92K","2.76%"
"02/08/2024","2,419.56","2,424.66","2,461.00","2,412.01","350.33K","-0.21%"
"02/07/2024","2,424.64","2,372.65","2,443.71","2,354.46","355.40K","2.19%"
"02/06/2024","2,372.65","2,301.83","2,390.53","2,299.24","381.23K","3.08%"
"02/05/2024","2,301.83","2,289.78","2,336.63","2,271.28","244.98K","0.53%"
"02/04/2024","2,289.78","2,296.50","2,310.34","2,272.02","180.39K","-0.29%"
"02/03/2024","2,296.50","2,309.28","2,329.50","2,293.10","137.80K","-0.55%"
"02/02/2024","2,309.28","2,304.28","2,324.57","2,282.87","246.89K","0.22%"
"02/01/2024","2,304.28","2,283.14","2,311.31","2,240.79","323.61K","0.93%"
"01/31/2024","2,283.14","2,343.11","2,350.80","2,266.80","408.79K","-2.56%"
"01/30/2024","2,343.11","2,317.79","2,389.23","2,298.85","387.12K","1.09%"
"01/29/2024","2,317.79","2,256.92","2,320.97","2,237.69","318.84K","2.70%"
"01/28/2024","2,256.92","2,267.91","2,306.43","2,240.14","216.93K","-0.48%"
"01/27/2024","2,267.91","2,267.56","2,282.16","2,252.31","151.26K","0.02%"
"01/26/2024","2,267.55","2,217.71","2,280.83","2,195.88","377.79K","2.25%"
"01/25/2024","2,217.71","2,234.64","2,242.85","2,173.82","344.11K","-0.76%"
"01/24/2024","2,234.64","2,243.72","2,264.66","2,198.89","373.25K","-0.41%"
"01/23/2024","2,243.74","2,313.65","2,351.18","2,169.54","750.52K","-3.02%"
"01/22/2024","2,313.64","2,457.06","2,465.97","2,304.06","560.84K","-5.84%"
"01/21/2024","2,457.06","2,472.04","2,481.63","2,453.48","126.52K","-0.61%"
"01/20/2024","2,472.03","2,491.81","2,491.81","2,455.07","143.98K","-0.79%"
"01/19/2024","2,491.81","2,469.77","2,504.09","2,418.61","443.42K","0.89%"